x1,y1,x2,y2,confidence,class_id,class_name
242.34524536132812,102.33724975585938,345.2471008300781,249.71578979492188,0.85674649477005,0,Neutral
