x1,y1,x2,y2,confidence,class_id,class_name
993.7440795898438,632.183349609375,1055.8033447265625,706.175537109375,0.8528774380683899,0,Neutral
1039.1016845703125,133.850830078125,1132.588623046875,260.8213806152344,0.817240297794342,1,Happy
307.42047119140625,533.5149536132812,395.04693603515625,660.0396728515625,0.6482020020484924,0,Neutral
337.0049133300781,162.97752380371094,409.2420959472656,267.6873779296875,0.5418478846549988,1,Happy
337.45355224609375,158.8588104248047,409.72314453125,266.81011962890625,0.5122578740119934,6,Disgust
