x1,y1,x2,y2,confidence,class_id,class_name
982.451171875,620.2186279296875,1063.646240234375,715.4179077148438,0.4690851867198944,1,Happy
293.3006896972656,527.6936645507812,399.5603332519531,657.7998046875,0.3019053637981415,0,Neutral
979.58056640625,618.169677734375,1065.4625244140625,715.8778686523438,0.26296305656433105,0,Neutral
