,x1,y1,x2,y2,confidence,emotion
0,262.5276184082031,465.71484375,440.1600341796875,727.2845458984375,0.8254256844520569,Fear
1,992.86181640625,77.51262664794922,1187.09619140625,320.0156555175781,0.8241537809371948,Angry
2,286.2672119140625,91.0263442993164,449.7899475097656,321.9750671386719,0.7830524444580078,Angry
3,966.345947265625,589.08984375,1085.254150390625,746.4213256835938,0.7795082330703735,Fear
